{
  "Version": 800,
  "Info": {
    "Name": "Aura",
    "MinimumExtent": {
      "0": -148.93499755859375,
      "1": -139.9080047607422,
      "2": 7.705999851226807
    },
    "MaximumExtent": {
      "0": 130.14100646972656,
      "1": 139.16700744628906,
      "2": 28.01580047607422
    },
    "BoundsRadius": 0,
    "BlendTime": 150,
    "NumGeosets": 1,
    "NumGeosetAnims": 1,
    "NumBones": 1,
    "NumLights": 0,
    "NumAttachments": 0,
    "NumEvents": 0,
    "NumParticleEmitters": 0,
    "NumParticleEmitters2": 0,
    "NumRibbonEmitters": 0
  },
  "Sequences": [
    {
      "Name": "Stand",
      "Interval": {
        "0": 333,
        "1": 1533
      },
      "MoveSpeed": 0,
      "NonLooping": false,
      "Rarity": 0,
      "BoundsRadius": 205.07899475097656,
      "MinimumExtent": {
        "0": -148.93499755859375,
        "1": -139.9080047607422,
        "2": 7.705999851226807
      },
      "MaximumExtent": {
        "0": 130.14100646972656,
        "1": 139.16700744628906,
        "2": 28.01580047607422
      }
    }
  ],
  "GlobalSequences": [],
  "Textures": [
    {
      "ReplaceableId": 2,
      "Image": "",
      "Flags": 0
    }
  ],
  "Materials": [
    {
      "Layers": [
        {
          "FilterMode": 3,
          "Shading": 1,
          "TextureID": 0,
          "TVertexAnimId": null,
          "CoordId": 0,
          "Alpha": {
            "Keys": [
              {
                "Frame": 333,
                "Vector": {
                  "0": 0.75
                }
              }
            ],
            "LineType": 1,
            "GlobalSeqId": null
          }
        }
      ],
      "PriorityPlane": 0,
      "RenderMode": 0
    }
  ],
  "TextureAnims": [],
  "Geosets": [
    {
      "Vertices": {
        "0": -139.8070068359375,
        "1": -130.77999877929688,
        "2": 9.019610404968262,
        "3": 121.01200103759766,
        "4": -130.77999877929688,
        "5": 9.019610404968262,
        "6": -139.8070068359375,
        "7": 130.03900146484375,
        "8": 9.019610404968262,
        "9": 121.01200103759766,
        "10": 130.03900146484375,
        "11": 9.019610404968262,
        "12": -133.3070068359375,
        "13": -124.27999877929688,
        "14": 7.705999851226807,
        "15": 114.51200103759766,
        "16": -124.27999877929688,
        "17": 7.705999851226807,
        "18": -133.3070068359375,
        "19": 123.53900146484375,
        "20": 7.705999851226807,
        "21": 114.51200103759766,
        "22": 123.53900146484375,
        "23": 7.705999851226807,
        "24": -148.93499755859375,
        "25": -139.9080047607422,
        "26": 17.368200302124023,
        "27": 130.14100646972656,
        "28": -139.9080047607422,
        "29": 17.368200302124023,
        "30": -148.93499755859375,
        "31": 139.16700744628906,
        "32": 17.368200302124023,
        "33": 130.14100646972656,
        "34": 139.16700744628906,
        "35": 17.368200302124023,
        "36": -113.52999877929688,
        "37": -104.50299835205078,
        "38": 28.01580047607422,
        "39": 94.73539733886719,
        "40": -104.50299835205078,
        "41": 28.01580047607422,
        "42": -113.52999877929688,
        "43": 103.76200103759766,
        "44": 28.01580047607422,
        "45": 94.73539733886719,
        "46": 103.76200103759766,
        "47": 28.01580047607422
      },
      "Normals": {
        "0": 0,
        "1": 0,
        "2": 1,
        "3": 0,
        "4": 0,
        "5": 1,
        "6": 0,
        "7": 0,
        "8": 1,
        "9": 0,
        "10": 0,
        "11": 1,
        "12": 0,
        "13": 0,
        "14": 1,
        "15": 0,
        "16": 0,
        "17": 1,
        "18": 0,
        "19": 0,
        "20": 1,
        "21": 0,
        "22": 0,
        "23": 1,
        "24": 6.8345098469535515e-9,
        "25": 0,
        "26": 1,
        "27": 6.8345098469535515e-9,
        "28": 0,
        "29": 1,
        "30": 6.8345098469535515e-9,
        "31": 0,
        "32": 1,
        "33": 6.8345098469535515e-9,
        "34": 0,
        "35": 1,
        "36": 9.158259928199186e-9,
        "37": 0,
        "38": 1,
        "39": 9.158259928199186e-9,
        "40": 0,
        "41": 1,
        "42": 9.158259928199186e-9,
        "43": 0,
        "44": 1,
        "45": 0,
        "46": -9.15828035630284e-9,
        "47": 1
      },
      "Faces": {
        "0": 0,
        "1": 1,
        "2": 2,
        "3": 3,
        "4": 2,
        "5": 1,
        "6": 4,
        "7": 5,
        "8": 6,
        "9": 7,
        "10": 6,
        "11": 5,
        "12": 8,
        "13": 9,
        "14": 10,
        "15": 11,
        "16": 10,
        "17": 9,
        "18": 12,
        "19": 13,
        "20": 14,
        "21": 15,
        "22": 14,
        "23": 13
      },
      "VertexGroup": {
        "0": 0,
        "1": 0,
        "2": 0,
        "3": 0,
        "4": 0,
        "5": 0,
        "6": 0,
        "7": 0,
        "8": 0,
        "9": 0,
        "10": 0,
        "11": 0,
        "12": 0,
        "13": 0,
        "14": 0,
        "15": 0
      },
      "Groups": [
        [
          0
        ]
      ],
      "TotalGroupsCount": 1,
      "MaterialID": 0,
      "SelectionGroup": 0,
      "Unselectable": true,
      "BoundsRadius": 205.07899475097656,
      "MinimumExtent": {
        "0": -148.93499755859375,
        "1": -139.91000366210938,
        "2": 7.538980007171631
      },
      "MaximumExtent": {
        "0": 130.14100646972656,
        "1": 139.1649932861328,
        "2": 27.848800659179688
      },
      "Anims": [
        {
          "BoundsRadius": 205.07899475097656,
          "MinimumExtent": {
            "0": -148.93499755859375,
            "1": -139.91000366210938,
            "2": 7.538980007171631
          },
          "MaximumExtent": {
            "0": 130.14100646972656,
            "1": 139.1649932861328,
            "2": 27.848800659179688
          }
        }
      ],
      "TVertices": [
        {
          "0": 0.0004997850046493113,
          "1": 0.0004995469935238361,
          "2": 0.0004995469935238361,
          "3": 0.9994999766349792,
          "4": 0.9994999766349792,
          "5": 0.0004997850046493113,
          "6": 0.9994999766349792,
          "7": 0.9994999766349792,
          "8": 0.0004997850046493113,
          "9": 0.0004995469935238361,
          "10": 0.0004995469935238361,
          "11": 0.9994999766349792,
          "12": 0.9994999766349792,
          "13": 0.0004997850046493113,
          "14": 0.9994999766349792,
          "15": 0.9994999766349792,
          "16": 0.0004997850046493113,
          "17": 0.0004995469935238361,
          "18": 0.0004995469935238361,
          "19": 0.9994999766349792,
          "20": 0.9994999766349792,
          "21": 0.0004997850046493113,
          "22": 0.9994999766349792,
          "23": 0.9994999766349792,
          "24": 0.0004997850046493113,
          "25": 0.0004995469935238361,
          "26": 0.0004995469935238361,
          "27": 0.9994999766349792,
          "28": 0.9994999766349792,
          "29": 0.0004997850046493113,
          "30": 0.9994999766349792,
          "31": 0.9994999766349792
        }
      ]
    }
  ],
  "GeosetAnims": [
    {
      "Alpha": {
        "Keys": [
          {
            "Frame": 0,
            "Vector": {
              "0": 1
            }
          }
        ],
        "LineType": 0,
        "GlobalSeqId": null
      },
      "Flags": 0,
      "Color": {
        "0": 1,
        "1": 1,
        "2": 1
      },
      "GeosetId": 0
    }
  ],
  "Bones": [
    {
      "Name": "Default",
      "ObjectId": 0,
      "Parent": null,
      "Flags": 256,
      "GeosetId": 0,
      "GeosetAnimId": 0,
      "PivotPoint": {
        "0": 0,
        "1": 0,
        "2": 0
      }
    }
  ],
  "Helpers": [],
  "Attachments": [],
  "EventObjects": [],
  "ParticleEmitters": [],
  "ParticleEmitters2": [],
  "Cameras": [],
  "Lights": [],
  "RibbonEmitters": [],